"","nar1_end","nar2_end","nar3_end","nar4_end","nar5_end","nar6_end","nar7_end","nar8_end"
"nar1_end",1,0.350629786310806,0.378749476928139,0.291762599853642,-0.113902612466019,0.136573109638813,0.162646588076442,0.0683974101011487
"nar2_end",0.350629786310806,1,0.444231660495366,0.335891876682647,-0.310356477684674,-0.108151001590909,0.0100084909301095,-0.0184375783928594
"nar3_end",0.378749476928139,0.444231660495366,1,0.343944552855643,-0.100468549703074,0.0607773793564183,0.143651323344584,0.0725336964635096
"nar4_end",0.291762599853642,0.335891876682647,0.343944552855643,1,-0.0310782453885321,0.123175322626726,0.128374933206907,0.0916653118426083
"nar5_end",-0.113902612466019,-0.310356477684674,-0.100468549703074,-0.0310782453885321,1,0.475311519358185,0.344403038549177,0.423459874860396
"nar6_end",0.136573109638813,-0.108151001590909,0.0607773793564183,0.123175322626726,0.475311519358185,1,0.409049998942067,0.396021951429754
"nar7_end",0.162646588076442,0.0100084909301095,0.143651323344584,0.128374933206907,0.344403038549177,0.409049998942067,1,0.331233197387157
"nar8_end",0.0683974101011487,-0.0184375783928594,0.0725336964635096,0.0916653118426083,0.423459874860396,0.396021951429754,0.331233197387157,1
